SUBREDDIT NAMES,TOPIC,count,,,,,,,,,,,,,,,,,,,,,,,,,,,
AskReddit,like,18024,,,,,,,,,,,,,,,,,,,,,,,,,,,
CFB,game,9681,,,,,,,,,,,,,,,,,,,,,,,,,,,
pcmasterrace,love,5779,,,,,,,,,,,,,,,,,,,,,,,,,,,
worldnews,peopl,5057,,,,,,,,,,,,,,,,,,,,,,,,,,,
AskReddit,one,13313,,,,,,,,,,,,,,,,,,,,,,,,,,,
CFB,like,6852,,,,,,,,,,,,,,,,,,,,,,,,,,,
pcmasterrace,like,3757,,,,,,,,,,,,,,,,,,,,,,,,,,,
worldnews,like,3312,,,,,,,,,,,,,,,,,,,,,,,,,,,
AskReddit,peopl,12044,,,,,,,,,,,,,,,,,,,,,,,,,,,
CFB,go,6433,,,,,,,,,,,,,,,,,,,,,,,,,,,
pcmasterrace,play,3291,,,,,,,,,,,,,,,,,,,,,,,,,,,
worldnews,one,1997,,,,,,,,,,,,,,,,,,,,,,,,,,,
AskReddit,go,11756,,,,,,,,,,,,,,,,,,,,,,,,,,,
CFB,play,4804,,,,,,,,,,,,,,,,,,,,,,,,,,,
pcmasterrace,get,3216,,,,,,,,,,,,,,,,,,,,,,,,,,,
worldnews,think,1996,,,,,,,,,,,,,,,,,,,,,,,,,,,
AskReddit,get,10554,,,,,,,,,,,,,,,,,,,,,,,,,,,
CFB,good,4766,,,,,,,,,,,,,,,,,,,,,,,,,,,
pcmasterrace,one,2781,,,,,,,,,,,,,,,,,,,,,,,,,,,
worldnews,go,1937,,,,,,,,,,,,,,,,,,,,,,,,,,,
AskReddit,time,10103,,,,,,,,,,,,,,,,,,,,,,,,,,,
CFB,team,4713,,,,,,,,,,,,,,,,,,,,,,,,,,,
pcmasterrace,game,2761,,,,,,,,,,,,,,,,,,,,,,,,,,,
worldnews,get,1801,,,,,,,,,,,,,,,,,,,,,,,,,,,
AskReddit,think,8944,,,,,,,,,,,,,,,,,,,,,,,,,,,
CFB,get,4601,,,,,,,,,,,,,,,,,,,,,,,,,,,
pcmasterrace,steam,2567,,,,,,,,,,,,,,,,,,,,,,,,,,,
worldnews,say,1652,,,,,,,,,,,,,,,,,,,,,,,,,,,
AskReddit,know,8417,,,,,,,,,,,,,,,,,,,,,,,,,,,
CFB,one,4432,,,,,,,,,,,,,,,,,,,,,,,,,,,
pcmasterrace,go,1949,,,,,,,,,,,,,,,,,,,,,,,,,,,
worldnews,thing,1616,,,,,,,,,,,,,,,,,,,,,,,,,,,
AskReddit,thing,7471,,,,,,,,,,,,,,,,,,,,,,,,,,,
CFB,think,4282,,,,,,,,,,,,,,,,,,,,,,,,,,,
pcmasterrace,time,1858,,,,,,,,,,,,,,,,,,,,,,,,,,,
worldnews,countri,1530,,,,,,,,,,,,,,,,,,,,,,,,,,,
AskReddit,good,6541,,,,,,,,,,,,,,,,,,,,,,,,,,,
CFB,oregon,3732,,,,,,,,,,,,,,,,,,,,,,,,,,,
pcmasterrace,good,1835,,,,,,,,,,,,,,,,,,,,,,,,,,,
worldnews,work,1502,,,,,,,,,,,,,,,,,,,,,,,,,,,
leagueoflegends,like,2992,,,,,,,,,,,,,,,,,,,,,,,,,,,
leagueoflegends,play,2850,,,,,,,,,,,,,,,,,,,,,,,,,,,
leagueoflegends,game,2354,,,,,,,,,,,,,,,,,,,,,,,,,,,
leagueoflegends,get,2247,,,,,,,,,,,,,,,,,,,,,,,,,,,
leagueoflegends,peopl,1833,,,,,,,,,,,,,,,,,,,,,,,,,,,
leagueoflegends,time,1766,,,,,,,,,,,,,,,,,,,,,,,,,,,
leagueoflegends,one,1705,,,,,,,,,,,,,,,,,,,,,,,,,,,
leagueoflegends,think,1578,,,,,,,,,,,,,,,,,,,,,,,,,,,
leagueoflegends,good,1537,,,,,,,,,,,,,,,,,,,,,,,,,,,
leagueoflegends,go,1490,,,,,,,,,,,,,,,,,,,,,,,,,,,
,,,,,,,,,,,,,,,,,,,,,,,,,,,,,
