TOPICS NAMES,UPVOTES >500
like,1493551
one,1074127
peopl,991620
get,924030
go,903351
time,873860
think,774999
know,622571
thing,572601
good,547009
say,513299
much,470966
see,466648
way,459760
work,449836
year,448737
still,427680
well,425652
day,420711
game,403425
look,392792
right,389075
back,388833
first,367185
play,352745
feel,328980
cant,328451
lot,306136
need,294411
shit,291553
fuck,289086
take,288675
better,286562
mean,276688
best,273976
great,264448
guy,264202
two,248427
love,245749
man,245738
use,241011
thought,235160
give,234690
person,233614
old,232660
littl,232250
tell,229882
bad,228634
life,227575
last,222264
id,216612
end,215034
school,201471
keep,200586
point,186465
part,185221
might,184872
read,182942
enough,181735
run,181688
name,173982
may,173786
team,170119
kind,167936
post,167889
thank,157598
hand,157405
real,155683
world,155283
noth,154947
start,154346
least,153286
girl,148573
ye,147134
money,146810
let,146073
kid,144344
nice,144244
show,142809
top,141840
hour,141787
word,141527
famili,141520
high,139363
home,138471
stori,138394
stop,137366
make,136986
bit,135506
place,134654
whole,134564
hope,133209
call,130344
left,128666
found,127468
idea,127101
problem,126430
stuff,121907
wrong,121400
reason,119683
second,112958
comment,112891
minut,110656
god,110344
hous,109915
season,109389
hate,109168
video,108632
job,108480
face,107198
fun,106612
hell,105767
fact,105664
head,104720
number,104691
gold,104156
state,103419
watch,103091
friend,103040
kill,101137
cool,100587
car,99732
night,98402
win,97341
dad,97340
front,97207
damn,96995
black,96707
guess,96093
half,95989
line,95853
room,95621
case,95125
free,95025
singl,94299
set,93233
talk,92885
chang,92196
sex,90884
turn,90402
must,90178
none,90085
small,89551
child,88705
system,88158
hit,88081
mind,88076
stand,87722
saw,87256
eye,86563
open,85618
player,85468
three,85231
side,85101
true,84545
care,83511
countri,83323
class,83023
today,82329
white,81757
wait,81697
week,81178
support,81039
leav,80678
drive,80414
coupl,80029
matter,79778
possibl,79517
deal,79239
middl,78595
son,78441
move,77842
movi,77367
question,77325
citi,76285
cours,76258
caus,75898
level,75332
stupid,75092
experi,74665
worth,74496
beat,73178
past,72811
link,72637
wish,72371
wife,71982
door,71114
water,69949
power,69156
bodi,69146
rest,68579
sens,68311
food,68114
fine,67179
pictur,66650
internet,65646
phone,65078
gener,65000
young,64921
check,64763
stay,64353
mother,64237
break,64036
thread,63859
drink,63697
ass,63372
amount,62748
light,62746
music,62597
woman,62353
situat,61582
age,61285
felt,61157
pick,60989
list,60755
parti,60297
fan,60043
moment,59393
due,59201
fight,59048
gun,59023
store,58792
order,58452
commun,58435
outsid,58392
posit,57965
polic,57185
sound,57182
joke,56771
date,56273
fit,56222
major,56043
type,55887
sort,55683
death,55231
answer,55157
dick,55046
exampl,54906
chanc,54903
crazi,54859
larg,54682
straight,54569
group,54035
red,53957
war,53934
favorit,53897
ball,53762
field,53320
wors,53047
walk,52726
given,52715
act,52713
luck,52553
control,52470
father,52290
nation,52137
cut,52032
brother,51953
issu,51531
town,51422
amazon,51343
live,51327
short,51285
song,51119
shot,50956
cost,50612
american,50394
charact,50284
public,50067
dead,49698
relationship,49115
babi,48868
step,48446
box,48344
mine,48271
bowl,48215
seri,48115
dog,48073
shoot,48055
space,47914
low,47911
googl,47798
servic,47666
footbal,47501
die,47403
sell,47357
colleg,47261
worst,47233
fall,46874
fat,46765
local,46596
futur,46250
articl,46017
respons,45990
fast,45880
histori,45727
pass,45621
lie,45525
bunch,45238
titl,45075
fire,44971
clear,44848
differ,44841
germani,44782
effect,44584
law,44216
opinion,44182
sister,44181
month,44101
drunk,43756
area,43754
anim,43531
defens,43524
safeti,43481
main,43360
hold,43283
rate,43254
train,43117
scene,43103
origin,43062
hair,42974
ground,42757
heart,42697
qualiti,42600
plan,42295
longer,42235
valu,42231
window,42036
share,41936
throw,41629
air,41240
compani,41177
fair,41132
card,41099
offic,40847
code,40616
daughter,40499
leg,40422
book,40267
busi,40185
size,39822
damag,39812
german,39606
insid,39572
english,39566
forc,39479
five,39172
record,39124
current,38982
extra,38896
cold,38880
boy,38689
govern,38631
blue,38300
save,38170
process,38122
price,38121
sign,38099
figur,37855
test,37781
bullshit,37666
sourc,37647
version,37621
account,37341
bitch,37062
bed,36839
drop,36784
build,36756
final,36655
sleep,36627
begin,36143
goal,35951
japanes,35909
contact,35907
meet,35891
special,35875
action,35778
weight,35766
spot,35755
eat,35729
somewher,35569
mention,35432
episod,35295
four,35162
million,35147
worri,34972
truck,34937
oregon,34883
cri,34673
dark,34582
pull,34475
inform,34298
market,34229
wonder,34229
news,34034
earth,33708
blood,33701
wear,33564
male,33389
piec,33339
road,33266
averag,33219
match,33170
attent,33154
voic,33083
club,33047
readi,32950
societi,32842
morn,32682
option,32648
leagu,32627
doctor,32615
form,32556
page,32553
bet,32548
modern,32515
offer,32503
simpl,32423
respect,32272
mark,32256
jump,32217
miss,32177
interest,32133
girlfriend,32061
cancer,31996
product,31888
marri,31834
safe,31760
choic,31732
hang,31689
cultur,31607
teacher,31331
japan,31252
ice,31207
third,31141
forward,30966
cousin,30687
land,30659
doubt,30604
sit,30578
convers,30575
write,30535
note,30451
stick,30424
christma,30417
credit,30417
advic,30390
mod,30358
ray,30235
color,30200
x,29986
quick,29915
univers,29878
lack,29860
messag,29827
abil,29815
natur,29660
pain,29656
sweet,29611
america,29598
popul,29568
lead,29523
follow,29476
trade,29443
danc,29373
star,29347
jesu,29249
roll,29196
specif,29121
loss,29114
sent,28976
cat,28961
film,28881
rais,28843
summer,28837
giant,28591
speed,28417
comput,28398
floor,28289
bill,28232
subscript,28165
program,28094
imag,28087
handl,28037
boyfriend,27989
screen,27951
park,27946
shop,27908
bar,27829
self,27619
burn,27584
north,27564
evid,27560
rock,27535
basic,27481
view,27449
rule,27447
design,27401
health,27206
attack,27188
notic,27180
draw,27150
career,27121
grow,27060
content,27039
laugh,26982
south,26885
deep,26666
text,26544
ride,26404
style,26336
remov,26306
carri,26233
cover,26212
smart,26086
bacon,25993
base,25959
femal,25856
playoff,25840
secret,25839
doubl,25791
term,25730
ship,25725
camera,25712
standard,25671
board,25667
custom,25645
bottom,25568
despit,25535
john,25503
wall,25469
kick,25448
model,25442
focu,25410
alcohol,25401
idiot,25289
solid,25233
west,25159
argument,25125
ohio,25090
ring,25053
alabama,25046
steam,25041
touch,24958
u,24954
present,24905
skin,24869
tabl,24794
paper,24783
welcom,24663
claim,24656
crime,24655
offens,24655
grade,24653
born,24523
mouth,24514
access,24395
report,24349
multipl,24334
asshol,24283
edg,24274
sick,24214
trust,24185
ladi,24167
classic,24121
florida,24059
engin,24005
happen,23982
teach,23951
ten,23941
round,23912
rang,23832
blame,23767
fault,23699
realiti,23665
buy,23588
decis,23519
championship,23425
birthday,23363
blow,23343
regular,23247
particular,23206
militari,23198
plenti,23156
return,23103
letter,23098
languag,23007
chair,22957
proof,22954
track,22708
result,22683
neg,22653
wake,22582
practic,22563
impact,22539
art,22433
truth,22398
fear,22340
learn,22308
husband,22285
racist,22278
smoke,22232
la,22186
immigr,22136
street,22117
master,22106
site,22032
privat,22004
detail,22000
data,21978
understand,21952
web,21762
corner,21707
punch,21608
fix,21558
research,21548
catch,21533
murder,21447
race,21419
oil,21414
tree,21412
beer,21359
period,21311
devic,21185
finish,21176
jay,21104
potenti,21099
context,21064
incom,21042
b,21029
overal,21028
scienc,21016
hide,20971
green,20870
troubl,20860
imposs,20851
vacation,20846
evil,20734
event,20717
energi,20581
karma,20545
block,20521
develop,20489
hole,20486
dream,20396
key,20359
perform,20321
six,20304
releas,20224
purchas,20155
activ,20146
solut,20136
fake,20130
fell,20081
bag,20017
brain,20001
spell,19991
map,19973
file,19936
op,19822
stream,19766
danger,19739
coach,19735
p,19700
asid,19692
tonight,19667
role,19663
enemi,19639
search,19546
pressur,19471
charg,19461
visit,19392
wast,19334
progress,19316
closer,19299
rape,19263
sword,19260
battl,19194
risk,19062
freedom,19039
east,19020
bank,19010
former,19006
meat,18925
magic,18916
yesterday,18849
pool,18799
draft,18639
brown,18620
upset,18605
vote,18453
speak,18439
band,18429
mirror,18414
daili,18401
find,18379
paint,18348
direct,18343
mr,18321
crap,18228
theori,18225
hors,18162
nidu,18159
brows,18104
wind,18099
en,17991
memori,17980
mistak,17927
knife,17849
fish,17845
perspect,17845
user,17838
gift,17794
till,17770
heavi,17736
machin,17702
profession,17684
wild,17675
pack,17674
yea,17627
boss,17625
shell,17603
trip,17560
appl,17544
smash,17448
interview,17421
success,17414
album,17412
eight,17397
adult,17371
plot,17370
zero,17355
gender,17352
tast,17350
station,17336
ga,17309
opportun,17275
skill,17265
king,17242
statement,17219
hear,17194
score,17163
effort,17140
fill,17139
violenc,17131
jone,17009
victim,16997
tomorrow,16938
complex,16927
seven,16883
drug,16881
shame,16861
hospit,16850
push,16841
planet,16832
blind,16812
religion,16807
sun,16777
court,16732
mode,16705
purpos,16670
updat,16669
eve,16654
increas,16653
foot,16641
secur,16593
diari,16576
reaction,16572
behavior,16459
express,16407
chain,16399
count,16245
hall,16239
condit,16237
extrem,16232
item,16143
contract,16110
fli,16110
insur,16079
talent,16070
target,16047
offici,15996
peni,15976
marriag,15973
spend,15949
europ,15879
concept,15876
chees,15860
religi,15846
folk,15819
sky,15798
desk,15794
degre,15776
shirt,15768
background,15744
attempt,15723
shed,15676
cast,15667
rental,15660
french,15619
winter,15619
rough,15591
candl,15590
weed,15582
arm,15580
repli,15576
combat,15569
advantag,15564
stock,15547
collect,15525
rip,15513
mobil,15506
coffe,15432
em,15354
rose,15354
travel,15348
justic,15333
hero,15244
reach,15232
presid,15206
zone,15185
capit,15150
project,15145
refer,15098
treat,15086
press,15048
switch,15043
tax,15039
british,14990
weapon,14948
bathroom,14933
christian,14837
chines,14816
detect,14801
pop,14685
dri,14682
center,14639
counter,14599
help,14577
pizza,14571
studi,14556
student,14542
caption,14505
cross,14489
individu,14476
cleaner,14445
pro,14389
fucker,14369
leader,14368
frame,14364
canada,14357
root,14319
abus,14266
pair,14255
suit,14253
address,14249
gain,14232
fox,14207
budget,14162
western,14137
empti,14134
scale,14133
attitud,14093
televis,14063
beard,14041
lane,14027
armi,14017
suicid,14008
copi,14003
discuss,14001
shower,13931
smile,13898
pet,13877
technolog,13843
movement,13842
lunch,13826
curvatur,13819
moral,13811
hill,13810
judg,13804
butt,13797
sale,13784
cup,13763
apart,13751
benefit,13739
request,13735
york,13718
spread,13715
snow,13714
confer,13682
seat,13650
farmer,13647
portrait,13643
minor,13642
friendli,13607
gear,13583
bang,13571
cook,13543
click,13509
ton,13461
server,13454
tho,13447
softwar,13437
subject,13430
cooper,13426
network,13410
kiss,13353
fellow,13351
owner,13295
button,13243
lawyer,13243
strait,13231
confid,13187
brand,13178
headlin,13169
crowd,13154
core,13139
comparison,13111
flat,13081
church,13048
nose,13048
tag,13033
owen,13021
parent,13013
c,13002
channel,12986
heat,12984
mass,12955
neon,12933
wing,12932
hello,12915
worthi,12914
restaur,12909
flair,12890
properti,12853
chest,12852
load,12849
net,12826
glass,12792
mess,12789
combin,12786
statu,12762
jog,12760
excus,12740
dragon,12737
split,12725
european,12698
hunter,12678
milk,12665
finalist,12633
slap,12622
asian,12575
soul,12542
pot,12532
jame,12523
educ,12508
sentenc,12505
shield,12464
innoc,12457
trick,12431
absolut,12406
laugher,12396
witch,12372
balanc,12363
economi,12318
cream,12315
slaveri,12255
china,12250
separ,12248
ethernet,12234
bear,12224
buddi,12210
element,12198
logic,12182
accid,12164
tourtier,12130
celebr,12119
listen,12118
coast,12115
bastard,12097
chocol,12060
kitchen,12057
dollar,12055
surpris,12034
approach,12033
driver,11973
prior,11957
bu,11953
grab,11923
peac,11914
cash,11910
feed,11904
somm,11864
upper,11821
guid,11803
dress,11795
ruin,11795
stage,11760
screw,11734
campaign,11718
dinner,11713
leather,11694
spirit,11689
upsilon,11687
farm,11685
rage,11680
debat,11662
midnight,11662
fastbal,11654
path,11623
silli,11583
deck,11578
shoulder,11559
minimum,11541
carpent,11531
clean,11531
resolut,11471
mountain,11454
e,11425
yell,11371
smell,11335
commerci,11325
mum,11323
hotel,11313
lock,11287
indiana,11284
michael,11260
member,11249
africa,11213
ms,11213
castl,11190
patch,11178
familiar,11168
staff,11160
poe,11151
england,11149
partner,11144
limit,11124
review,11116
moon,11108
stole,11065
vacat,11065
volum,11062
affect,11059
crusad,11056
rim,11029
weather,11021
chicken,11018
uncl,11011
anxieti,10980
definit,10975
graphic,10974
bore,10936
ad,10931
stranger,10931
paul,10929
produc,10914
mate,10911
browser,10909
mission,10881
johnson,10870
butter,10860
bot,10857
godspe,10838
birth,10824
cunt,10811
steal,10806
intern,10798
lion,10795
januari,10751
estat,10735
forcep,10731
android,10722
phase,10715
shift,10689
bonu,10685
shape,10684
gramophon,10680
bat,10676
island,10664
edit,10662
horror,10643
pillar,10607
breath,10588
twenti,10586
traffic,10578
childbirth,10572
cabl,10570
mix,10564
grant,10559
vomit,10543
bradi,10538
print,10525
concern,10496
congress,10492
wit,10484
artist,10481
pomad,10479
bottl,10478
bomb,10445
behaviorist,10439
sympathi,10427
section,10416
crack,10401
jack,10392
distanc,10382
tool,10360
industri,10354
pile,10335
hire,10325
vehicl,10324
topic,10318
wolf,10315
profit,10309
puppet,10271
method,10267
radio,10260
twist,10224
trash,10219
boston,10218
amazona,10204
australia,10170
seek,10135
client,10131
treatment,10126
billion,10120
armor,10118
chat,10105
pocket,10059
object,10051
jail,10041
materi,10031
r,9972
stripe,9972
horoscop,9957
spin,9952
ticket,9944
rel,9924
explan,9917
strength,9911
creak,9910
childhood,9897
slide,9890
cheeseboard,9884
seurat,9830
stone,9828
challeng,9821
accent,9808
intent,9793
lord,9749
elemi,9734
routin,9732
keyboard,9728
theme,9694
custodi,9681
nois,9649
swallow,9640
locat,9630
garbo,9611
neckar,9604
rent,9602
command,9601
seattl,9600
serv,9599
rank,9583
pleasur,9581
happi,9577
tank,9564
drove,9556
sidewalk,9556
jaw,9551
electr,9537
st,9536
silver,9508
tea,9484
grammar,9474
superior,9471
monster,9465
ate,9454
jerk,9451
tie,9451
organ,9436
sir,9393
desir,9388
neck,9387
circumst,9373
tone,9370
entranc,9365
dump,9363
log,9359
flag,9343
tip,9333
sayer,9332
rebel,9304
audienc,9302
faith,9285
accus,9272
iron,9269
string,9262
cell,9260
depress,9245
constant,9230
crimin,9214
camp,9182
fart,9181
aid,9180
manag,9180
dish,9166
ghost,9164
hat,9150
polici,9139
district,9133
breakfast,9106
row,9063
function,9061
lockdown,9054
incid,9038
tackl,9022
presenc,9020
sake,9007
yellow,8999
consent,8993
lab,8974
orang,8969
squar,8963
demand,8962
russia,8952
batman,8917
decemb,8917
tastebud,8910
salt,8904
geniu,8901
worker,8893
feedback,8880
dare,8879
sea,8879
makeup,8875
augusta,8846
settl,8844
addit,8823
flash,8819
yard,8816
suspect,8797
mesh,8796
penalti,8782
diet,8777
nowher,8774
motiv,8768
finger,8766
repeat,8765
viper,8747
reactionari,8742
launch,8735
crew,8715
wisconsin,8696
forgiv,8690
mannheim,8687
london,8678
correspond,8674
sport,8649
badger,8647
chariti,8641
thousand,8632
bia,8625
airplan,8618
gang,8606
rear,8606
hundr,8597
hundredth,8583
threat,8583
crab,8580
tall,8567
cycl,8564
ban,8562
display,8561
rub,8556
candid,8541
dib,8540
storm,8532
queen,8524
depart,8515
setup,8514
plane,8510
fourth,8502
poplar,8492
centuri,8484
token,8481
professor,8477
canadian,8473
toilet,8470
fantasi,8463
firearm,8463
phrase,8463
favor,8454
injuri,8436
execut,8428
conserv,8423
quarterback,8422
connect,8420
meme,8412
gross,8409
associ,8406
dash,8364
dislik,8359
russian,8355
princess,8347
filter,8321
clock,8319
insert,8319
penumbra,8317
bug,8313
format,8311
f,8306
technic,8301
v,8284
flight,8280
prison,8272
racism,8272
villag,8259
datelin,8254
harass,8254
serial,8231
mele,8224
pun,8218
scenario,8208
factor,8167
suppli,8164
rice,8156
trigger,8151
texa,8150
laptop,8146
trial,8127
thumb,8123
decad,8116
legend,8110
teamwork,8109
nostalgia,8106
groan,8095
actor,8084
hurrican,8083
paddock,8073
battlefront,8069
shipbuild,8068
fellah,8065
mile,8060
jackal,8054
cock,8033
impress,8030
vagina,8026
elit,8024
sitwel,8024
failur,8023
schedul,8022
neutral,8017
send,8015
environ,7996
lax,7995
sing,7988
gap,7987
polit,7980
parol,7970
brag,7968
n,7964
fool,7955
aftermath,7954
intellig,7954
circl,7949
steel,7947
troll,7947
stress,7931
arendt,7917
stabl,7898
plastic,7887
clotheslin,7876
error,7852
lookout,7839
competit,7838
liber,7836
basi,7834
tier,7825
habit,7822
plate,7816
defeat,7815
humor,7808
eri,7792
maze,7790
warn,7785
appear,7756
wrap,7755
manner,7745
sauc,7727
fashion,7722
debt,7712
fund,7704
rumbl,7703
lift,7696
valuabl,7691
wed,7687
closet,7682
brush,7653
honesti,7653
knee,7647
batteri,7645
halo,7636
assist,7630
bather,7629
yay,7628
arrowhead,7621
difficulti,7620
pedal,7618
sigh,7618
fovea,7612
strike,7593
togo,7574
skip,7570
sugar,7570
toothach,7563
femin,7553
hawaii,7550
surfac,7531
fifth,7527
cursor,7519
anger,7514
quarter,7494
transfer,7492
paperboard,7488
flytrap,7486
bone,7483
captain,7481
upgrad,7462
livedo,7444
airport,7443
piti,7441
rush,7437
creep,7427
bridgeport,7415
hallelujah,7410
peanut,7407
bullet,7405
preserv,7389
era,7383
wheel,7382
cage,7381
sweden,7358
ultim,7344
grandma,7343
homo,7342
ganglion,7332
bread,7328
float,7327
suric,7318
bench,7309
killer,7305
egg,7297
winner,7284
clue,7278
tower,7278
smith,7277
royal,7273
halloween,7258
author,7252
eventu,7242
lesbian,7238
lawgiv,7233
mechan,7233
franc,7223
belief,7219
coca,7217
muslim,7217
domin,7207
swag,7202
wash,7201
korean,7191
aspect,7185
california,7183
crush,7180
silenc,7174
princeton,7142
spanish,7138
fighter,7116
profil,7112
sherpa,7110
korea,7106
sparrow,7104
river,7086
lota,7083
structur,7080
fumbl,7062
nine,7054
submiss,7042
even,7031
jersey,7030
mill,7026
massachusett,7025
perfum,7025
exchang,7006
throat,7006
citizen,7004
junk,6999
hook,6992
pace,6991
solidago,6990
india,6985
songbird,6984
valley,6984
equat,6979
iowa,6974
geneva,6973
primit,6971
rifl,6961
gent,6958
saudi,6952
scientist,6944
machineri,6938
snake,6937
motherhood,6936
union,6932
jackson,6927
basket,6922
defend,6902
struggl,6896
consol,6895
gate,6895
narr,6893
latest,6892
thoth,6887
invest,6879
midair,6852
pumpkin,6852
conclus,6849
strategi,6849
lineag,6847
patient,6845
establish,6831
pen,6831
graviti,6824
workahol,6824
solo,6820
hurri,6815
bedbug,6811
diamondback,6802
whiskey,6788
amulet,6781
tear,6766
jello,6757
tape,6756
bird,6744
qualifi,6741
extent,6740
quack,6731
werewolf,6731
featur,6727
hose,6726
crash,6723
input,6718
fundament,6717
confess,6714
nativ,6714
stretch,6702
roman,6698
barrel,6688
tribe,6684
toy,6674
foreground,6673
curiosa,6670
rise,6663
librari,6660
derrick,6637
bond,6632
blade,6625
warlord,6625
initi,6619
plain,6619
franchis,6614
taylor,6609
unit,6609
storag,6605
stair,6602
prime,6598
ram,6597
coosa,6591
analysi,6590
shadow,6587
nonev,6582
poon,6577
bloomer,6574
growth,6564
sushi,6552
nimbi,6551
trombon,6550
assay,6540
resid,6538
potato,6537
mask,6534
delici,6530
predat,6530
remu,6525
fourier,6524
emerg,6518
pocketbook,6518
pregnanc,6518
cake,6517
influenc,6517
oper,6515
skinni,6513
ethic,6485
raw,6480
galaxi,6474
occas,6470
angina,6468
sight,6468
powder,6465
monitor,6464
bracken,6454
mama,6453
smooth,6451
mousepad,6444
confus,6438
hip,6436
demonstr,6426
curs,6420
reed,6417
islam,6416
eagl,6415
georg,6405
helmet,6404
chill,6402
honeycomb,6400
spacecraft,6400
sidebar,6397
costum,6396
admiss,6386
tattoo,6386
warner,6384
mail,6376
pauli,6369
victori,6365
garbag,6361
min,6361
deed,6360
thirst,6356
showboat,6355
elev,6350
australian,6348
dreamer,6343
journal,6342
donkey,6340
pole,6339
breed,6327
accept,6326
rugbi,6315
lightweight,6311
allah,6307
gather,6307
courag,6299
surgeri,6295
peppermint,6293
earach,6280
urg,6280
grasshopp,6270
retort,6268
nail,6267
descript,6266
desper,6261
chicago,6259
factori,6255
goug,6250
romant,6247
crisi,6246
bath,6241
chomski,6238
bota,6237
shellac,6233
slip,6232
fountain,6230
banana,6225
sink,6219
labor,6212
sausag,6206
serviceman,6194
windowsil,6190
escap,6185
absenc,6184
starboard,6184
scott,6182
sue,6182
georgia,6177
refund,6177
michigan,6174
duchess,6173
believ,6170
shopkeep,6167
slapper,6162
length,6159
studio,6155
speech,6145
beef,6142
bibl,6135
slavic,6129
grind,6125
host,6110
purpura,6107
pill,6093
laney,6092
swedish,6084
meridian,6080
exercis,6077
scrotum,6077
sunday,6072
cantala,6068
athlet,6065
groceri,6062
techniqu,6056
leaven,6054
therapi,6054
wire,6054
bud,6049
champion,6047
viceroy,6044
equival,6039
leash,6038
weekend,6035
politburo,6029
georgetown,6026
todd,6019
convey,5999
slush,5998
therapist,5995
bridg,5994
join,5991
deepen,5987
temperatur,5987
stockad,5983
mad,5980
lawrenc,5979
journey,5976
roommat,5975
lip,5972
intercept,5971
grey,5970
mileston,5960
accident,5954
aunt,5954
guard,5951
dakota,5949
genr,5949
senior,5948
pest,5947
topknot,5944
limb,5937
sonar,5934
shirtfront,5927
guarante,5920
liar,5915
faint,5914
beach,5911
homebound,5911
hollywood,5910
beast,5904
equip,5903
signatur,5901
germanium,5899
babirusa,5897
comedi,5894
giggl,5894
dawson,5890
hag,5886
drafte,5884
boot,5883
appeal,5875
rescu,5872
sticki,5860
loaner,5855
partnership,5854
repugn,5853
bryan,5851
midplan,5848
weaken,5837
angl,5834
soloist,5832
tennesse,5831
chivalri,5830
inspir,5825
packag,5821
diseas,5820
jag,5820
paranoid,5813
cathol,5811
dig,5802
quest,5801
beta,5800
enthusiasm,5799
promiscu,5798
mustang,5795
ignoramu,5794
portal,5793
w,5792
tanka,5783
missionari,5774
varieti,5770
mood,5769
posterior,5764
cagliostro,5763
honey,5760
wine,5758
pounc,5757
chrome,5751
hatemong,5735
coverag,5734
divisor,5726
privet,5702
messeng,5701
trail,5687
sucker,5681
blindfold,5680
helpless,5673
fanci,5672
danish,5670
boxcar,5669
fenc,5666
central,5661
unicorn,5657
dashboard,5654
and,5651
geographi,5651
spam,5647
bob,5646
lake,5646
scarecrow,5645
batch,5640
flip,5636
kirk,5632
wage,5626
mexico,5616
restat,5613
sweatshirt,5611
nephew,5606
deleg,5600
ownership,5599
corp,5593
iraq,5592
bloodbath,5590
toddler,5586
nurs,5585
void,5585
federalist,5583
avalanch,5575
speci,5575
dayan,5569
boat,5566
commiser,5565
guitar,5564
patina,5563
brood,5561
namepl,5561
basebal,5560
brethren,5559
passion,5557
shave,5546
freak,5542
critic,5535
shampoo,5532
segment,5526
alibi,5525
norway,5523
repair,5523
prism,5521
nippl,5520
jerusalem,5518
broadcloth,5517
rocket,5514
categori,5502
satan,5499
plant,5495
feminist,5484
regist,5481
cloth,5479
motor,5475
crewman,5462
membership,5462
cuddl,5461
l,5459
clearanc,5458
knight,5458
saturday,5447
amend,5445
cap,5445
award,5443
watchband,5443
recal,5440
belt,5439
verso,5427
qaddafi,5422
replac,5421
positiv,5419
sampl,5419
steamboat,5419
misdemeanor,5415
treadmil,5415
academi,5413
grader,5413
percentag,5412
aircraft,5407
combust,5407
lotteri,5407
dialogu,5402
classicist,5401
duti,5401
gamecock,5399
import,5391
raid,5390
tom,5387
coregonu,5384
transit,5380
knock,5379
motion,5377
nichola,5372
seth,5372
nonsens,5371
march,5367
wise,5366
toru,5358
os,5355
domain,5354
vanilla,5354
xx,5354
onion,5353
henri,5352
counti,5348
entri,5347
turnov,5347
april,5344
swoosh,5343
drama,5342
mobiu,5339
passeng,5334
sire,5334
beauti,5327
pin,5325
barcelona,5324
coke,5324
counterattack,5324
audio,5319
allegi,5315
killifish,5308
touchback,5304
acid,5302
privaci,5299
wood,5298
golem,5297
robbin,5293
piecework,5291
default,5287
sandwich,5287
david,5285
toner,5285
playpen,5283
retain,5281
endors,5280
friendship,5280
oakland,5278
sender,5272
advoc,5271
obsolet,5256
jet,5245
textur,5243
lee,5242
tojo,5242
cloak,5239
minuteman,5239
chosen,5238
keeper,5238
promis,5232
prais,5230
adam,5225
abort,5222
improv,5222
measur,5221
som,5221
grad,5220
descent,5214
bell,5213
scar,5213
thousandth,5212
trio,5210
wound,5205
column,5204
addict,5202
secondari,5198
clown,5197
tactic,5197
ideolog,5195
emotion,5187
portland,5184
umbrella,5184
arsen,5181
villain,5181
speculum,5173
samurai,5172
primari,5167
vamp,5164
broad,5158
coward,5153
squad,5153
avatar,5150
cougar,5147
purpl,5145
han,5144
shade,5144
basketbal,5141
expression,5136
tournament,5134
pride,5132
contest,5131
cam,5127
h,5123
carson,5117
honor,5111
runaway,5111
medium,5110
contain,5109
barter,5108
jungl,5106
kit,5106
egypt,5105
spoon,5105
disloc,5101
hardwar,5097
affair,5096
understat,5088
tortur,5085
graduat,5083
arrest,5078
snit,5077
tobacco,5077
gem,5076
tunnel,5076
neighbor,5073
slider,5064
bowel,5062
dysphoria,5055
stagecoach,5055
visionari,5052
meal,5050
session,5050
shogun,5050
wellb,5049
feint,5047
treasuri,5044
tecton,5042
equal,5035
recognit,5031
expans,5030
plughol,5028
apollo,5027
ethnic,5026
related,5026
document,5020
flood,5016
volunt,5015
basidiomycet,5014
twitch,5003
nehru,5002
resettl,5001
employe,5000
clip,4999
scratcher,4996
bryophyt,4993
regul,4993
margin,4991
tent,4990
g,4986
hoover,4985
douch,4978
stack,4977
pound,4975
philosophi,4969
propagandist,4969
stalin,4969
damnat,4967
muscl,4964
nineti,4961
wroclaw,4955
disagr,4952
sailor,4949
rendit,4943
exit,4942
prescriptiv,4939
authoritarian,4937
beautician,4937
aryan,4933
tweet,4933
guest,4931
sacrific,4923
pilsen,4922
fuel,4918
freebi,4917
lesson,4914
teleport,4914
agreement,4910
troublemak,4904
democrat,4902
fare,4901
andromeda,4895
transport,4892
relic,4882
pit,4879
belladonna,4878
charleston,4878
seed,4877
comfort,4875
nazi,4873
leth,4870
gravedigg,4869
plotinu,4869
cafe,4865
adventuress,4862
clumber,4860
decal,4857
orlean,4857
cardamom,4851
spi,4848
allig,4841
speedboat,4841
acer,4840
childish,4839
ricer,4837
crouch,4836
religionist,4836
advanc,4835
doll,4831
fiance,4830
guam,4824
relat,4823
pralin,4821
damascen,4820
plunger,4819
q,4817
mous,4814
gunboat,4811
analog,4809
boil,4808
grace,4806
dildo,4802
opium,4802
foresight,4798
loan,4798
ember,4794
ideal,4794
permiss,4794
feder,4792
rand,4791
dew,4789
spaghetti,4787
tail,4787
passag,4786
estim,4785
catastroph,4783
voluntari,4775
haze,4773
dough,4772
vacuum,4772
exil,4771
dynasti,4770
stolon,4770
reput,4767
pyramid,4766
chase,4762
assault,4760
twentieth,4760
airbrush,4759
commod,4759
jackfruit,4756
houseboat,4751
grainger,4748
maximum,4748
dock,4747
actress,4743
arab,4743
physic,4743
adorn,4740
punish,4740
subsect,4740
mensa,4739
nick,4739
destin,4735
billionair,4734
grip,4732
fold,4730
translat,4729
african,4725
blackmail,4720
fumig,4715
pinko,4715
shake,4715
suspensori,4714
loop,4708
pitch,4707
teen,4706
piston,4700
rome,4698
suggest,4697
dissip,4696
co,4692
parliament,4690
licens,4689
firefli,4685
threonin,4683
playlist,4678
buzzer,4677
human,4677
blizzard,4676
agenda,4674
tribut,4674
sobrieti,4673
edgar,4672
ward,4669
vegetarian,4668
ea,4664
hickori,4663
shepherd,4662
blockbust,4661
flaki,4658
valv,4658
fluke,4657
alpha,4654
hymnal,4654
decker,4652
gut,4650
payment,4650
penanc,4650
golfer,4643
roseau,4641
attle,4640
cosmet,4639
fearless,4639
homophobia,4638
satisfact,4638
k,4628
warrior,4628
forestri,4625
drunkard,4624
ledg,4624
turf,4623
tension,4622
entiti,4620
madrid,4620
coat,4618
bender,4617
scum,4615
bedroom,4614
bite,4613
trickeri,4611
foul,4610
billi,4608
romanc,4606
booth,4605
pink,4597
standbi,4597
stretcher,4596
purs,4590
retribut,4586
thoma,4586
cheerlead,4584
refere,4583
indian,4582
bubbl,4581
basset,4579
ripcord,4578
disregard,4576
holiday,4576
burst,4575
fiber,4573
gearbox,4571
hug,4569
methanol,4568
invit,4567
spoilsport,4567
weekli,4567
heimdal,4563
array,4559
australasia,4559
raspberri,4556
cough,4555
launder,4551
infantri,4546
terror,4544
stab,4543
manufactur,4540
prosecut,4538
proofread,4533
juic,4532
capac,4528
afternoon,4527
comedian,4526
elitist,4526
cabal,4524
spare,4520
garag,4519
couch,4514
aim,4511
wave,4511
threadfin,4509
biter,4505
integr,4504
balloon,4503
desktop,4502
minist,4492
cheat,4491
junip,4491
lackey,4486
eyebal,4481
fascism,4481
imp,4481
lame,4480
tipper,4480
cameo,4479
hitler,4479
hairbal,4478
misogyni,4477
select,4477
protect,4476
nerv,4474
blocker,4471
territori,4470
skipjack,4469
syndic,4468
creativ,4467
devil,4464
lithuania,4459
m1,4459
alberta,4458
rioter,4457
alcott,4452
manual,4448
vassal,4448
atmospher,4444
instinct,4443
liverpool,4439
sinai,4438
joseph,4437
trader,4437
boiler,4435
footag,4434
interviewe,4431
leicest,4429
curri,4423
dropkick,4421
exarch,4418
cellar,4415
joust,4415
moro,4414
region,4414
dressag,4413
princ,4413
quantum,4412
wren,4411
mash,4404
juli,4399
tomahawk,4399
spotlight,4396
defeatist,4394
port,4393
uppercut,4391
autom,4390
incompet,4389
mexican,4389
night_owl,4387
recoil,4386
tour,4386
hookah,4385
liquid,4384
except,4383
sorcer,4383
leadership,4381
tourett,4379
floater,4378
wealth,4378
tongu,4375
boycott,4374
compass,4371
dong,4367
pi,4365
mouthpiec,4364
crisp,4358
empir,4358
absurd,4354
bahama,4352
hangzhou,4352
router,4352
ox,4349
torso,4349
bathsheba,4346
feeder,4344
statist,4343
xy,4341
hitch,4340
toast,4340
bass,4334
comeback,4334
crimea,4334
poland,4334
travelogu,4334
complaint,4332
bye,4331
watt,4329
peoria,4328
wayfar,4327
facial,4326
italian,4326
stealth,4324
vice,4324
lloyd,4323
odd,4322
vision,4319
lighten,4318
awar,4317
culvert,4315
gen,4315
medic,4315
gospel,4314
conga,4312
semblanc,4311
angelfish,4310
artemi,4306
rain,4298
hart,4296
gaze,4293
ident,4293
permit,4292
aesthet,4291
punter,4291
wilson,4289
introspect,4287
spirograph,4287
hydrochlorid,4286
eman,4282
java,4282
throb,4279
speller,4278
starter,4276
writer,4275
anatomi,4272
arriv,4272
birthmark,4270
snap,4270
pedigre,4267
shovel,4266
churchgoer,4262
rubi,4261
dirt,4260
monday,4260
puzzl,4260
blast,4252
timecard,4251
steer,4250
creatur,4249
astrolog,4248
extremist,4247
dallianc,4246
arc,4242
pattern,4240
michelangelo,4238
revers,4236
skybox,4231
procedur,4229
chip,4228
concoct,4228
glori,4226
kidd,4218
pea,4218
airlin,4214
propaganda,4214
stepbroth,4214
selector,4213
cadet,4212
digit,4211
ancient,4210
applic,4210
boom,4206
pieti,4205
forest,4203
mignonett,4200
tatum,4200
groin,4197
loch,4197
regard,4197
chapter,4196
mot,4193
luzon,4186
homeless,4183
gust,4182
epistemolog,4180
thalamu,4180
speaker,4178
heroin,4176
narrat,4175
scout,4175
tap,4175
mississippi,4174
practition,4174
signal,4173
apertur,4172
tripl,4170
gloat,4169
baraka,4165
sterl,4161
poverti,4160
choke,4159
linz,4159
denial,4154
breakthrough,4153
parabl,4152
adventur,4151
intermedi,4146
boost,4144
preced,4144
spray,4144
willi,4139
homework,4138
friday,4137
vietnam,4134
administr,4133
pillow,4133
riot,4133
copper,4128
grotesqu,4128
gatl,4127
notch,4125
trefoil,4125
guesser,4122
teeth,4122
investig,4118
poll,4115
mount,4110
tragedi,4110
attain,4109
cooler,4109
fuent,4109
broadcast,4106
privileg,4105
resourc,4105
videocassett,4105
liabil,4098
brigad,4095
bombard,4094
loot,4094
drag,4093
cow,4087
remain,4087
furnitur,4083
canal,4080
cauliflow,4070
patti,4070
investor,4069
iceberg,4068
scientolog,4066
patrick,4065
stomach,4064
xxx,4064
exorc,4063
bronz,4061
despond,4059
ignor,4057
rhetor,4053
miller,4052
hardwood,4047
antisept,4044
fielder,4044
robin,4044
documentari,4043
height,4041
momentum,4040
coleoptera,4039
newcastl,4034
explet,4031
abandon,4030
uniform,4030
implement,4029
chemistri,4028
confluenc,4026
wagner,4026
adad,4024
fedora,4022
flavor,4019
frontag,4018
topaz,4017
insult,4016
nexu,4016
shotgun,4014
champagn,4013
wrestl,4010
facepl,4009
nutshel,4008
diffid,4003
revis,4002
thomism,3998
dunk,3997
drum,3995
paus,3995
jason,3991
explos,3990
grid,3990
monthli,3988
osag,3985
excori,3983
ben,3981
fafnir,3978
elect,3976
sixpenc,3976
rue,3972
wreck,3971
destini,3969
arrow,3967
sisterhood,3964
dun,3962
israel,3961
willow,3961
racket,3957
assumpt,3955
negat,3954
burden,3951
spartan,3951
battlefield,3950
malon,3950
depth,3949
sore,3947
wolff,3946
dust,3945
outfitt,3945
swindl,3945
underwear,3945
leo,3942
brad,3940
kicker,3940
pheasant,3940
balboa,3938
friez,3937
figment,3935
latter,3935
sabin,3935
desperado,3934
vodka,3933
overthrow,3932
heist,3931
mandarin,3928
dink,3927
hunger,3927
medicaid,3926
rib,3926
leopard,3925
timothi,3925
breweri,3924
gape,3923
foundat,3921
dedic,3919
falconri,3914
ghostwrit,3914
transpar,3913
caution,3911
chick,3911
dirti,3910
impression,3908
isi,3904
festiv,3901
tampa,3899
tiger,3899
copernicu,3897
houston,3894
populac,3894
disengag,3893
schemer,3891
slam,3890
stranglehold,3890
whitebait,3889
railhead,3885
sparerib,3883
flush,3881
ham,3880
salter,3876
emphas,3873
explor,3872
guitarist,3871
muff,3870
pan,3870
affirm,3869
penguin,3867
sharp,3867
spender,3866
confidant,3864
stanc,3863
mortgag,3862
republ,3860
buffalo,3859
yurt,3855
throwaway,3850
patriarchi,3848
fifti,3842
mar,3842
spammer,3842
col,3840
popcorn,3840
ax,3839
recoveri,3837
spaghettini,3835
marker,3834
comma,3833
accentu,3831
insignia,3831
cooki,3830
healthcar,3827
seeker,3826
retrospect,3824
divis,3822
mormon,3822
disast,3819
dove,3819
arlington,3817
crib,3813
floorboard,3813
recess,3808
prostitut,3807
ketamin,3805
waiter,3805
indic,3804
international,3803
sharpen,3803
alphabet,3801
delight,3800
serif,3799
manana,3797
monogamist,3797
racehors,3796
panacea,3795
soldier,3793
lattic,3789
glide,3788
placement,3787
tradit,3787
tickl,3786
banker,3783
justif,3782
conflict,3779
homeli,3778
consolid,3777
vest,3777
charter,3776
quarterdeck,3774
turkish,3774
trailblaz,3773
bandwagon,3770
swatch,3770
trilog,3770
kingdom,3768
hears,3767
roquefort,3767
riddl,3766
collus,3765
celer,3763
porch,3762
swift,3755
jainism,3751
suffer,3751
greed,3749
freckl,3747
meow,3747
inca,3745
rushdi,3745
whisper,3745
orgi,3743
oliv,3742
westinghous,3741
imposit,3740
fruit,3738
hay,3737
fellowship,3736
cleaver,3735
consequ,3733
construct,3731
anthem,3730
dauphin,3728
mane,3727
jewelri,3726
loung,3725
murdoch,3725
devi,3724
monopoli,3723
remedi,3722
schema,3722
squadron,3722
clash,3721
giveaway,3720
stork,3720
soap,3718
reward,3716
massag,3713
distribut,3712
agent,3711
inning,3711
rust,3711
mime,3710
faculti,3709
shelter,3706
insight,3705
chaser,3702
hypnosi,3702
flex,3700
stake,3700
irish,3699
cornerback,3696
deliveri,3696
righteous,3696
frank,3695
lash,3695
leatherett,3695
denver,3694
breast,3693
tube,3692
shawn,3691
lap,3683
sarah,3682
wallet,3682
halogen,3681
storylin,3681
cameraman,3680
specialist,3680
bostonian,3679
towhe,3678
capuchin,3675
arizona,3674
jimmi,3674
slope,3673
subvers,3673
marijuana,3671
funer,3669
tweeter,3668
worthless,3668
imagin,3666
takeaway,3665
domest,3664
hop,3664
livestock,3662
buff,3661
ultima,3659
detaine,3658
escapad,3658
prick,3658
futon,3649
immers,3647
wheelbas,3645
scanner,3644
peak,3641
garlic,3640
sweatbox,3638
zeta,3637
deathb,3636
iraqi,3634
prayer,3630
radar,3630
courser,3629
pacemak,3629
thunderbird,3628
fort,3627
ladin,3626
loneli,3626
bulb,3625
scheme,3625
wraparound,3625
enerv,3623
spring,3622
piraci,3620
scratch,3620
goodal,3619
pitcher,3618
mainten,3615
breaker,3611
halfback,3610
newsstand,3610
chant,3609
coordin,3609
demograph,3609
tackler,3605
feminin,3603
jacket,3603
allur,3601
advis,3600
gargl,3600
afrikaan,3598
tenant,3598
cone,3597
convert,3597
erad,3597
facad,3596
hourglass,3594
closeup,3593
courtesi,3592
distract,3592
intervent,3591
denmark,3590
emot,3588
lollipop,3588
censor,3586
divin,3586
herald,3586
organel,3586
estonia,3585
payback,3585
touchdown,3585
advertis,3584
magnet,3584
stalker,3582
receiv,3579
bam,3578
getaway,3578
medicin,3578
nonsmok,3578
overload,3578
resect,3578
searcher,3577
orderli,3576
incredul,3575
tuner,3575
albumin,3572
fatal,3572
belli,3571
northern,3571
blowback,3570
hive,3570
jupit,3565
scroll,3564
tad,3564
cocoa,3563
beani,3561
straw,3560
grouper,3559
burger,3558
divers,3557
cowboy,3555
lurch,3554
correct,3553
orinoco,3553
portabl,3550
dragonfli,3548
salvat,3548
alert,3547
choir,3546
summat,3546
rabbit,3544
forth,3543
soma,3543
disk,3542
franciscan,3542
glasgow,3542
bulli,3541
wingback,3541
bulletin,3540
castor,3539
diner,3538
thick,3534
reader,3533
exhaust,3532
pixel,3528
clarinet,3526
disappoint,3526
hobbit,3525
proport,3525
van,3521
counselor,3520
eggbeat,3520
elder,3520
splice,3518
milkman,3516
bay,3512
romanesqu,3511
neutrino,3509
daredevil,3508
pileup,3508
wishbon,3508
naturalist,3507
adduc,3506
americana,3506
countdown,3505
prologu,3503
illinoi,3501
hangov,3498
vanguard,3494
fatigu,3493
galleria,3492
waterburi,3492
japonica,3490
equivoc,3487
backup,3484
proteas,3484
cheddar,3483
titmous,3483
marmit,3482
supposit,3482
vocabulari,3482
den,3481
tapa,3479
fineri,3478
industrialist,3478
recompens,3476
roast,3475
tune,3475
compil,3473
heaven,3471
patchi,3471
panic,3469
facil,3466
flipper,3466
bounc,3465
foster,3464
montmartr,3462
novelti,3462
forum,3461
heal,3461
mayonnais,3460
ab,3459
scepter,3459
inch,3458
robinson,3457
daze,3456
appliqu,3454
duck,3451
wisconsinit,3451
contradictori,3449
freshman,3448
nude,3444
kitti,3443
switchblad,3442
duel,3441
lister,3441
premium,3441
filth,3440
jordan,3440
legal,3438
swim,3438
rail,3437
angel,3436
jumper,3436
stadium,3436
stuffer,3436
sensat,3435
coaster,3433
controversi,3433
octob,3433
andrew,3432
sin,3432
februari,3431
ocean,3431
bali,3430
unknown,3427
grass,3425
crave,3424
sanctum,3424
usag,3424
independ,3423
nightshad,3422
calla,3420
dominatrix,3420
goat,3418
fri,3417
reform,3417
heater,3416
isaac,3416
senna,3416
carton,3415
creator,3412
strategist,3412
august,3410
lincoln,3410
winnipeg,3409
ill,3408
plug,3406
skim,3406
disclaim,3405
shocker,3405
naomi,3404
fiction,3403
tempura,3399
brazil,3398
dosser,3397
ficu,3396
signific,3395
climat,3394
helm,3394
rap,3391
washboard,3391
possess,3389
sequenc,3389
pilot,3385
appreci,3382
ounc,3381
clientel,3378
roth,3378
trapez,3377
trauma,3376
wink,3375
script,3374
banquet,3372
louisiana,3366
util,3364
brillianc,3363
panther,3363
platform,3363
spoil,3363
attract,3362
heathen,3362
shooter,3361
balsa,3360
biolog,3356
constructiv,3356
davit,3356
frisson,3356
stereotyp,3356
taper,3355
drake,3354
antiaircraft,3350
crucibl,3350
recruit,3349
headach,3348
sawdust,3348
stayer,3348
freight,3346
sexagenarian,3346
surveil,3346
jew,3344
shock,3344
inset,3343
password,3343
nationalist,3342
cincinnati,3341
monera,3340
muckrak,3338
fortress,3336
abuja,3335
haiti,3334
liver,3333
bestial,3331
geopolit,3331
soundtrack,3331
cheekbon,3330
constantin,3330
reactanc,3330
keepsak,3327
warp,3326
latin,3323
archer,3322
enucl,3322
sizzl,3322
anti,3321
cottonse,3321
frankenstein,3321
morri,3321
sequel,3321
monstera,3319
plantagenet,3319
slack,3318
bunker,3317
exposur,3317
fishbon,3315
pap,3315
dilig,3314
begonia,3313
beatnik,3312
terri,3311
cashew,3310
eddi,3309
chariot,3308
jap,3308
spiritu,3306
wineglass,3306
senat,3305
argyl,3304
bitter,3304
clerk,3304
substanc,3304
stag,3301
charl,3300
incent,3300
spous,3299
swansea,3299
herschel,3298
inject,3298
autism,3295
numer,3295
represent,3292
infrar,3291
chateau,3288
poison,3287
disney,3285
matterhorn,3284
asset,3283
flick,3283
powerhous,3283
smiley,3283
inflat,3282
stove,3282
undi,3282
fallibl,3279
sportsmanship,3279
wildcat,3277
flow,3276
baa,3274
attenu,3273
invas,3273
peroxid,3273
chican,3272
tallahasse,3272
surcharg,3270
revolut,3269
cert,3267
contrast,3267
ural,3266
wool,3266
minion,3264
sunglass,3262
dealer,3261
doddl,3261
shedder,3261
chromium,3259
brisket,3258
candi,3256
beltway,3255
rariti,3255
northampton,3254
republican,3252
crusher,3251
flesh,3250
middlebrow,3249
goalkeep,3247
digest,3246
iceland,3244
prioriti,3242
stare,3242
voltag,3242
ratio,3241
stud,3241
pari,3240
sightse,3240
preschool,3238
centrifug,3237
carolina,3235
technician,3234
planera,3233
marin,3232
colonel,3228
employ,3228
hanger,3226
glanc,3224
scotland,3223
condition,3222
eager,3222
liechtenstein,3222
pretzel,3221
merlin,3220
playground,3220
cave,3219
debilit,3219
mako,3218
paisa,3217
hitter,3216
faction,3212
weeknight,3212
euro,3210
keaton,3210
tokyo,3209
proteom,3208
duke,3207
maleat,3207
mere,3207
dodg,3205
sketch,3205
chao,3204
easter,3204
interact,3203
wrongdo,3203
basement,3202
issuer,3202
drew,3199
molest,3198
wallpap,3198
consumer,3197
doom,3197
parad,3197
ninja,3195
sprayer,3195
determin,3194
exclus,3194
gemara,3192
giro,3189
poetri,3187
ear,3186
yew,3185
eighteen,3183
annoy,3182
jurisdict,3181
littor,3181
bangalor,3179
coo,3179
isl,3179
cama,3178
fever,3178
worrier,3178
sack,3177
singer,3176
sweep,3175
toll,3175
divorc,3174
volatil,3173
advect,3172
austin,3172
disposit,3172
grave,3169
nightmar,3169
observ,3169
stonecutt,3169
towel,3169
ur,3167
con,3166
discern,3165
leaflet,3165
warship,3165
winc,3165
border,3164
layer,3163
raiser,3163
craft,3162
ladder,3162
guillotin,3160
sew,3159
antarctica,3157
slot,3157
tens,3157
ironi,3154
stray,3154
virgin,3153
baseboard,3146
len,3145
spinner,3144
panel,3140
chancel,3139
rubato,3139
warlock,3139
queensland,3138
scriptur,3138
offspr,3136
partak,3135
diagnosi,3128
wedg,3127
duvali,3124
wonderland,3124
thirti,3123
vike,3120
collegian,3119
catabol,3117
marathon,3117
lipas,3115
bulkhead,3113
miniatur,3110
afghanistan,3109
centr,3107
scare,3107
twing,3107
khan,3104
taka,3104
lunchroom,3103
sum,3100
implic,3098
pharaoh,3098
stabil,3098
humanist,3097
imperium,3095
doubler,3093
fundamentalist,3093
june,3093
tabi,3093
daniel,3091
virginia,3091
muscovi,3089
harvest,3088
juggler,3088
whiner,3088
titan,3087
napalm,3086
smallmouth,3086
twin,3085
bounti,3083
gum,3083
complexion,3082
muhammad,3082
rama,3082
syria,3082
centaur,3081
symbol,3080
smelt,3079
friedman,3078
handicap,3078
grandfath,3077
ambit,3076
sheik,3076
hammer,3074
hail,3073
barren,3070
ra,3070
stigma,3070
backseat,3069
generos,3069
holder,3069
plenum,3068
effector,3067
mcintosh,3066
castaway,3064
indict,3064
kindergarten,3062
bureaucraci,3061
mapl,3061
drudg,3060
ski,3059
formula,3056
oldenburg,3056
teacup,3056
minivan,3055
triangl,3055
backach,3054
templ,3054
soundbox,3053
fossil,3051
dentist,3050
prefix,3049
stasi,3049
doge,3048
photographi,3048
venic,3048
herod,3047
excess,3046
faithless,3046
interfac,3045
currenc,3044
ankl,3043
berlin,3043
conveni,3043
ego,3043
eleventh,3043
julian,3043
merci,3043
foodstuff,3042
hammerhead,3042
sa,3042
nyx,3041
euphem,3036
inevit,3036
polish,3036
governor,3034
inventori,3034
mysteri,3034
mose,3033
recalcul,3033
pistol,3032
entertain,3030
disciplin,3029
puf,3029
burt,3028
calcul,3027
munich,3027
washington,3026
so,3023
bibliographi,3022
orangutan,3022
bargain,3021
fennel,3021
pollack,3020
termer,3020
torah,3019
expert,3017
certif,3016
economist,3016
unlaw,3016
comrad,3015
hobbi,3014
krypton,3014
stamped,3013
coin,3011
slug,3011
j,3010
committe,3005
gripe,3005
villai,3005
accessori,3004
mascara,3004
gendarmeri,3002
helicopt,3001
luke,3001
spectrum,3001
tarkovski,3001
reuben,3000
stewart,3000
helmholtz,2997
aspen,2995
bitcheri,2995
oiler,2995
coalit,2994
poke,2994
limonen,2993
militarist,2992
calori,2990
greek,2990
hogan,2989
scholar,2989
morgan,2988
kickoff,2987
lovebird,2987
fructos,2985
editor,2984
martial,2984
hint,2983
taker,2983
shanghai,2982
hacker,2980
israelit,2980
judaism,2980
locker,2978
shaman,2978
squeez,2978
baker,2977
lakefront,2977
strengthen,2977
delay,2976
frost,2976
cotton,2974
herd,2974
opera,2973
omelet,2971
turkey,2971
cruis,2970
lamp,2970
scoreboard,2970
pug,2969
galbanum,2968
mil,2968
victoria,2968
timer,2967
coffer,2966
fail,2966
brandenburg,2965
gabapentin,2965
jobber,2965
orchid,2963
pope,2963
rodger,2963
tiffani,2963
budg,2961
disabl,2961
percentil,2961
wrinkl,2961
youngstown,2961
bust,2960
webb,2959
concret,2958
fatherhood,2958
assert,2956
spawn,2955
strip,2953
trim,2953
materialist,2952
youth,2950
savag,2948
hamburg,2947
islay,2946
manuscript,2945
aardvark,2943
invoc,2942
matur,2942
allianc,2941
glue,2941
nelson,2941
salem,2940
chemosynthesi,2939
sheet,2939
announc,2936
pine,2936
jealousi,2935
phenomenon,2935
bloat,2934
kobe,2934
fortun,2933
rawhid,2933
reflex,2933
resist,2933
scatter,2933
skinhead,2933
usher,2933
kickback,2932
twit,2932
disrespect,2931
corpor,2930
heartbeat,2929
texan,2929
coincid,2928
smokehous,2928
hen,2927
peg,2926
fallout,2924
lili,2924
scream,2924
defenestr,2923
compromis,2921
fairway,2921
tutori,2921
ford,2920
squirrel,2920
odyssey,2919
armada,2918
jar,2917
macbeth,2917
juri,2915
dancer,2914
brow,2913
dollhous,2913
critter,2911
burrito,2910
dinnertim,2910
groundbreak,2909
habitat,2909
contin,2908
ethiopia,2908
intention,2908
elbow,2907
screener,2906
bullion,2904
lipstick,2904
rins,2903
survey,2903
suitabl,2902
identif,2899
grandmast,2898
hot,2898
strapless,2898
weatherman,2897
cuisin,2896
detriment,2895
snowflak,2895
sentiment,2893
blair,2892
lid,2891
parasit,2891
tick,2891
puncher,2890
iter,2889
blasphemi,2887
eurocentr,2886
shakespear,2886
popular,2885
neighborhood,2883
transistor,2883
martin,2882
carrier,2880
frequenc,2880
lp,2880
distinct,2879
immort,2879
rider,2878
greeley,2877
lego,2875
strikebreak,2875
microwav,2874
notorieti,2874
bacteremia,2873
dot,2872
envi,2871
brasseri,2870
transpos,2870
demeanor,2868
stomachach,2866
diver,2865
apartheid,2864
canopi,2864
har,2863
propos,2863
chart,2862
mari,2861
upheav,2861
leander,2860
thermomet,2859
seeder,2858
label,2857
rockabilli,2857
shrine,2857
valuat,2855
cocain,2853
prestig,2852
rever,2852
crossov,2850
hometown,2850
cardin,2849
tissu,2849
chili,2847
shrimp,2847
yang,2847
nut,2846
regenc,2846
fork,2845
serbia,2845
bagel,2844
thrift,2844
joy,2843
pizzeria,2843
dalla,2842
distrust,2842
gene,2842
referr,2842
seventeen,2841
lucknow,2840
tempo,2840
butcher,2839
clone,2836
coveral,2836
grozni,2836
trophi,2836
duster,2835
magazin,2835
tabloid,2835
cement,2834
anniversari,2833
lightn,2833
museum,2833
soccer,2833
obsess,2832
taco,2832
circumvent,2831
panelist,2831
pose,2831
sickbay,2831
creed,2830
emphasi,2829
tailback,2829
remaind,2828
shoe,2828
repel,2826
tumbl,2825
fusion,2824
freez,2823
cigarett,2822
fitment,2822
sage,2822
separat,2822
doctorow,2821
firm,2821
rack,2821
appeas,2820
arch,2820
costa,2820
razorback,2820
yearbook,2819
scopolamin,2817
crank,2816
femur,2816
inabl,2816
stringer,2816
garrison,2814
newsag,2814
navi,2812
veterinarian,2812
bleach,2810
narwhal,2810
comb,2809
enlighten,2809
packet,2809
hypothet,2806
dwell,2805
raper,2805
fleet,2804
maid,2804
ballad,2803
hosta,2803
notebook,2803
meltdown,2802
potash,2802
eas,2801
minnesota,2801
consensu,2800
specifi,2799
trace,2799
safehold,2798
shadowbox,2798
holm,2794
honduran,2794
indulg,2793
interpret,2792
englishman,2790
greyback,2790
processor,2789
shelf,2789
appal,2787
fetish,2787
sturdi,2787
wheat,2786
composur,2784
humil,2784
fist,2782
novemb,2781
ravioli,2781
anxious,2780
constabl,2780
labrador,2780
veil,2780
cylind,2779
figurehead,2779
socialit,2778
flourish,2776
dutch,2775
alabaman,2774
overpopul,2774
potter,2774
solvay,2774
cabin,2773
deadey,2773
witchcraft,2773
convent,2772
nobel,2772
bruce,2771
firstborn,2771
stacker,2771
theater,2771
bulk,2770
intercours,2769
victor,2769
bluebeard,2768
choctaw,2767
driveshaft,2766
hunt,2765
imperi,2765
prophet,2764
relativ,2764
retail,2764
missil,2763
bait,2762
inquisit,2762
linux,2762
nerd,2762
turnaround,2762
fudg,2761
cider,2760
lessor,2759
abortifaci,2758
commit,2758
dive,2758
tire,2758
underground,2758
ivori,2757
rung,2757
provinc,2756
kneel,2755
lay,2755
recip,2755
tetra,2755
bucket,2754
outfit,2754
rumen,2752
visitor,2752
hipbon,2751
landau,2751
jamestown,2749
pandora,2749
corn,2748
oblivion,2748
masoch,2747
premis,2747
url,2746
coinag,2745
leftism,2745
spoke,2745
excis,2744
whip,2744
burner,2743
librarian,2742
perspir,2742
spit,2742
weaponri,2741
denim,2740
discount,2740
etiquett,2740
streak,2740
triplet,2740
equiti,2739
attend,2738
musk,2736
patrol,2736
spoiler,2736
tubeless,2736
intellectu,2734
obscen,2734
injustic,2733
poster,2733
sarcasm,2733
blank,2732
programm,2732
pita,2727
burgundi,2726
capitol,2725
dean,2725
emeri,2725
googli,2725
noon,2724
slaughter,2724
visa,2724
registr,2723
billabong,2722
brushwood,2721
boobi,2719
unison,2719
guardianship,2718
metabol,2718
muzzl,2718
supplic,2718
warbl,2718
crech,2717
wednesday,2717
hazard,2716
proton,2716
survivalist,2716
algorithm,2715
mainer,2715
midwest,2715
arena,2713
benchmark,2713
humorist,2713
menu,2713
founder,2712
oppress,2711
condom,2710
fraud,2710
ageism,2709
grabber,2709
journalist,2709
thumbhol,2708
curb,2707
jacob,2707
redact,2707
transact,2707
syphili,2705
shadi,2704
belov,2703
crystal,2702
complement,2701
catholic,2700
decomposit,2699
fond,2699
laputa,2698
prospect,2697
sampler,2696
bois,2695
punk,2695
characterist,2694
compens,2694
fade,2694
falcon,2694
nickel,2694
engag,2693
murray,2693
lewi,2692
ping,2692
urgenc,2691
expens,2689
puberti,2689
rave,2689
highbal,2688
idaho,2688
capacit,2687
coloradan,2687
lever,2686
wean,2686
holocaust,2685
liberti,2685
masturb,2684
trackbal,2684
wearer,2684
snag,2683
priest,2682
blend,2679
compendium,2679
pork,2679
respighi,2679
brick,2678
flank,2677
mealtim,2677
ajax,2676
smoothbor,2676
ridicul,2675
tuna,2675
wholesal,2675
steroid,2673
junior,2672
colorado,2671
fakeri,2670
schoolboy,2670
mara,2667
sibl,2666
gaug,2665
promot,2665
retir,2665
soapbox,2665
juvenil,2664
mumbai,2664
betain,2662
differenti,2662
inherit,2661
truste,2661
wyvern,2661
juju,2660
treati,2660
dug,2659
ritz,2659
reign,2658
headband,2656
refug,2656
voter,2656
woodbin,2655
corrupt,2654
linen,2654
reword,2654
terrorist,2654
conspiraci,2653
weld,2652
cupbear,2651
entitl,2651
revolutionist,2650
affidavit,2649
oto,2649
sole,2649
envoy,2648
putin,2646
marcher,2644
catenari,2642
greatcoat,2642
paraguay,2642
jagannath,2641
sentienc,2641
clark,2640
duplic,2640
institut,2640
fur,2639
declin,2638
earthquak,2638
mover,2638
latino,2637
wax,2636
harri,2635
varga,2635
pat,2632
replay,2631
secretari,2631
apocalyps,2628
montgomeri,2628
nicknam,2628
smasher,2628
irishman,2627
eyesor,2624
paradis,2623
paragraph,2623
sunderland,2622
chert,2620
ingenu,2620
seaward,2619
spectacular,2618
worldli,2618
springboard,2617
confisc,2616
islamabad,2616
truffaut,2616
wisecrack,2616
logan,2615
nitrogen,2615
pipefish,2615
ranker,2615
proxim,2614
reserv,2613
greenbelt,2610
repres,2610
clubfoot,2609
diamond,2609
forti,2609
playback,2609
leger,2607
libertarian,2606
papyru,2606
weak,2605
alaska,2604
maya,2603
wiffl,2603
footboard,2602
bush,2601
formica,2601
influenza,2601
readjust,2600
empathi,2599
internist,2599
sadist,2599
noseble,2598
pickaninni,2598
streamer,2598
teammat,2597
toler,2595
tryptophan,2595
shuttl,2594
sprout,2594
sniper,2593
spice,2593
walkabout,2593
cyclad,2592
hugger,2592
conquest,2591
cordovan,2591
sacrum,2591
bearer,2590
condemn,2589
empiric,2588
grenad,2588
cuban,2587
flashback,2587
stressor,2587
kali,2586
mattress,2586
bedsid,2585
theorist,2585
endear,2583
snout,2583
realism,2582
statistician,2582
assur,2581
insurg,2580
copilot,2579
destruct,2579
scope,2578
sodium,2578
vers,2578
summari,2577
rollback,2576
turret,2575
dungeon,2574
selloff,2574
tagalog,2574
crass,2573
effici,2573
fiver,2573
prompt,2572
semicircl,2571
shove,2571
bout,2570
parallel,2570
spill,2570
emblem,2569
specul,2569
deaf,2568
atlant,2567
spreader,2567
embrac,2566
hedg,2566
treasur,2566
poker,2565
ersatz,2563
hack,2561
handlebar,2561
protein,2561
citru,2559
knower,2559
lore,2559
dribbl,2558
edutain,2558
dumpl,2557
miami,2557
scoutmast,2557
fanat,2556
oatmeal,2556
thief,2556
cult,2555
jimenez,2555
plagu,2555
psychot,2553
cyborg,2552
lorelei,2552
cloud,2551
traine,2551
foxglov,2550
sed,2549
semest,2549
penicillin,2548
benelux,2547
chi,2547
cruiser,2546
underestim,2546
boarder,2545
pear,2545
pennsylvania,2545
adjust,2544
cheer,2544
graphit,2544
marimba,2544
tropic,2543
simpleton,2541
misalign,2540
latex,2539
bigotri,2538
borea,2538
sleev,2538
moonbeam,2537
pig,2536
curv,2535
guyana,2534
restrict,2534
prophas,2533
trailer,2533
assassin,2532
roadb,2532
boathous,2530
workload,2530
botul,2528
invent,2527
workshop,2527
harmoni,2526
leak,2526
columbia,2525
lifeblood,2525
essenc,2524
alexandria,2523
logician,2523
mainstream,2522
pie,2522
sitta,2522
companion,2521
garden,2520
hindsight,2520
sued,2520
ventur,2520
letter_open,2519
marketplac,2519
parka,2519
dixi,2518
blaster,2517
downgrad,2517
enforc,2517
inexperi,2516
fingerboard,2515
skull,2514
caribbean,2513
rebirth,2513
teller,2513
verif,2513
discret,2512
fruitcak,2512
handwrit,2512
sneak,2512
firebal,2511
dimens,2510
conservat,2509
excerpt,2509
oblat,2509
reset,2509
chunk,2508
fee,2508
shuffleboard,2508
thinker,2508
dictat,2507
highway,2507
barrier,2506
reduc,2504
analyst,2503
bodic,2503
rapier,2503
vertic,2503
californian,2502
layout,2502
powel,2502
roof,2502
ambul,2501
manifold,2501
audiogram,2498
syrup,2498
zombi,2498
bade,2497
dynam,2496
lobbi,2494
periodontist,2494
commut,2493
downtim,2493
buck,2492
clinic,2491
persona,2491
unfortun,2491
withhold,2491
elv,2490
folderol,2490
plymouth,2490
saint,2488
replic,2487
probabl,2485
swing,2485
sub,2484
benni,2483
hum,2483
casino,2482
filler,2482
notion,2482
surreal,2480
marc,2479
stroke,2479
creation,2478
marshal,2478
python,2478
concert,2477
trek,2477
sip,2475
changel,2474
beam,2472
neuriti,2472
safflow,2472
easel,2471
extract,2471
septemb,2470
memphi,2469
abilen,2468
spawner,2467
blender,2466
cutaway,2466
receivership,2466
bavarian,2465
ramp,2464
wastag,2464
eyelin,2463
luca,2463
shi,2462
debtor,2461
epilogu,2461
doorbel,2460
oven,2460
casebook,2459
moodi,2459
scrape,2459
pidgin,2458
bdellium,2457
commando,2457
inspect,2457
briton,2456
pipe,2456
chin,2455
lemon,2455
yogi,2455
artoi,2454
silenu,2453
skate,2452
psychic,2451
rootstock,2451
vanir,2449
analogu,2447
centerboard,2447
oregonian,2446
extern,2444
fixat,2444
slate,2443
surg,2443
peek,2442
mystic,2441
radiobiolog,2440
mister,2438
collectiv,2437
direction,2437
grante,2437
spear,2434
flaw,2432
gasp,2432
asgard,2431
etern,2431
wrestler,2431
intersect,2430
iran,2430
harbing,2426
heel,2426
unitarian,2426
huntington,2425
strudel,2423
aioli,2422
cherri,2422
ace,2420
magdalen,2420
thrust,2420
lengthi,2419
pinto,2419
steen,2419
capabl,2417
ireland,2416
secondo,2416
apron,2415
majorca,2415
peacekeep,2415
regulu,2415
flimsi,2414
vegan,2414
haunt,2413
sovereign,2413
guinea,2412
armori,2411
pickup,2411
bane,2409
blanket,2408
clonidin,2408
pa,2408
scan,2408
romantic,2407
sunset,2407
accomplic,2406
attach,2404
council,2404
speechless,2403
moa,2402
pusher,2402
strum,2401
twofer,2401
doberman,2400
sideboard,2400
ting,2400
fame,2397
largemouth,2396
mania,2396
articul,2395
nigger,2395
authent,2394
modernist,2393
mold,2393
collaps,2392
realiz,2392
sarcoidosi,2392
immun,2391
patienc,2391
puppi,2391
vent,2391
absolutist,2390
chickenpox,2389
civilian,2389
hideaway,2389
euryal,2388
vega,2388
holi,2384
jesuit,2384
womanhood,2384
coloni,2383
director,2383
novel,2383
rowan,2383
introduct,2382
superstit,2382
tearaway,2382
barkley,2380
hush,2378
mental,2378
trap,2378
bull,2377
recrimin,2377
sociolog,2377
cart,2376
contrari,2376
langur,2376
petabyt,2375
ironclad,2374
calend,2373
druid,2373
kosher,2373
typescript,2373
ant,2372
exclam,2372
proxi,2371
backwat,2370
hue,2370
improvis,2370
idealist,2369
pew,2369
densiti,2368
reinforc,2368
finit,2367
teas,2367
discographi,2366
infrastructur,2366
antidot,2365
par,2365
rooftop,2365
drain,2364
preoccup,2364
motorcycl,2363
jitter,2362
saucepan,2362
chemic,2361
cutter,2360
dogfight,2359
postag,2359
clockwork,2357
detroit,2357
spider,2357
athelstan,2356
officiales,2356
goldberg,2355
bachelor,2354
techno,2352
espresso,2351
simul,2351
dip,2350
navig,2350
sheep,2349
washingtonian,2348
hellbend,2347
protection,2347
meatbal,2346
jong,2345
asia,2342
consider,2340
rivera,2340
countryman,2339
raider,2339
drivel,2338
wallabi,2338
brawn,2337
carbonado,2337
iditarod,2337
transform,2336
wattl,2336
paranoia,2333
resort,2333
austria,2332
valid,2332
arsin,2331
adopt,2330
armenian,2330
ceil,2330
elizabeth,2330
grill,2330
lotu,2330
ratel,2330
oral,2329
outrag,2329
lopsided,2328
pasti,2328
correl,2327
jazz,2327
nox,2327
compliment,2326
crawl,2326
decreas,2326
heritag,2326
mustach,2326
retent,2326
agenc,2324
enterpris,2324
outsiz,2324
robert,2324
lament,2323
reflect,2323
marrow,2322
memento,2322
outbreak,2322
dagon,2321
disord,2321
drawback,2321
pleat,2321
idol,2320
blackberri,2319
baptist,2318
elf,2317
overh,2317
cancun,2316
crown,2316
quicken,2316
accord,2313
agribusi,2313
enjoy,2313
polyest,2312
taxabl,2311
waist,2310
silverback,2309
cleanli,2308
guarantor,2308
famin,2307
pepper,2307
cannonbal,2305
meclizin,2305
acidif,2304
bypass,2303
cannon,2303
testament,2303
einstein,2302
decenc,2301
europa,2301
dial,2300
mentor,2298
mytholog,2298
scottish,2298
stuf,2298
dragnet,2297
electra,2297
encourag,2297
jefferson,2297
colleagu,2296
dehuman,2295
stationeri,2295
guilt,2294
streetcar,2294
myth,2293
optometri,2293
bleed,2292
ditch,2292
aggro,2291
entireti,2290
impost,2290
oceanfront,2290
jericho,2289
kisser,2289
nich,2289
repos,2289
close,2288
contagion,2288
symphoni,2288
thanksgiv,2287
steak,2286
ron,2285
stilt,2285
atlanta,2284
fa,2284
claus,2283
pirat,2283
tyson,2283
connecticut,2281
riski,2281
honore,2280
diphtheria,2279
historian,2279
blanc,2278
hostil,2278
southeast,2277
vulva,2276
genesi,2275
musician,2275
soup,2275
transloc,2275
masteri,2274
functionalist,2273
rag,2273
stephen,2273
spandex,2272
beeswax,2271
minaret,2270
novic,2270
substant,2269
extenu,2268
spree,2268
cali,2267
pathan,2266
displeasur,2265
scandal,2265
brief,2263
crackdown,2263
compress,2262
zebra,2262
acoust,2260
roleplay,2260
traitor,2260
hood,2259
bondag,2257
incident,2257
serotonin,2257
thunder,2257
cube,2256
finnish,2256
traction,2256
jerki,2255
latenc,2255
spank,2255
phrenolog,2254
pittsburgh,2254
borderland,2253
horn,2253
mater,2253
singlestick,2253
captur,2252
multiplex,2252
uncleanli,2252
bowler,2251
ceas,2250
disneyland,2250
adapt,2247
peen,2247
sakharov,2246
mute,2245
storehous,2245
hatchback,2244
infect,2244
lighter,2244
lumen,2244
backhand,2243
giantess,2243
protest,2243
taliban,2243
birdbath,2242
william,2242
intro,2240
towni,2240
vitamin,2240
waltz,2240
kingfish,2239
percept,2239
composit,2238
moder,2238
spokesman,2238
startl,2238
graf,2237
fetu,2236
verdandi,2236
creditor,2235
tripe,2233
defer,2232
arcturu,2230
palladium,2230
indi,2229
bid,2228
fairbank,2228
fog,2228
imago,2228
folder,2227
habakkuk,2226
luxuri,2226
trench,2226
walley,2226
cereal,2225
chopin,2225
expansion,2225
uzi,2225
businessman,2223
knob,2223
directori,2222
nurseri,2222
phoenix,2222
michigand,2221
mountainsid,2221
necess,2221
medley,2219
trainer,2218
bolt,2217
arminian,2215
beefcak,2215
hardi,2214
monkey,2214
odditi,2214
rounded,2214
rogu,2213
boo,2212
matrix,2212
notif,2211
sunbath,2211
ammonia,2210
melbourn,2209
anonym,2208
evolutionist,2208
levi,2208
cloudberri,2207
concentr,2207
crocodil,2207
expedit,2206
citizenri,2205
evan,2205
monro,2205
sphere,2204
fawk,2203
hearthston,2203
para,2203
recipi,2203
learner,2202
wabash,2202
bake,2201
origen,2200
quad,2200
corset,2199
archiv,2198
champaign,2198
sand,2198
brooklyn,2197
joint,2197
nothing,2197
bride,2196
kolkata,2196
supernatur,2196
satellit,2195
tendenc,2195
climb,2194
depressor,2194
spinach,2194
firewal,2193
moralist,2192
insan,2191
judgment,2191
landmark,2191
sceneri,2191
skeleton,2191
makeov,2190
buttermilk,2189
megabit,2189
slave,2189
tuesday,2189
portug,2188
upbring,2188
floridian,2186
hassl,2186
manta,2186
pacif,2185
assign,2184
marxist,2184
causal,2183
kelvin,2183
wrist,2183
amen,2182
brave,2180
psycholog,2180
toss,2180
chuck,2179
nova,2179
oxygen,2179
democraci,2178
kentucki,2178
echo,2177
personag,2177
sol,2177
virgo,2176
pout,2175
scrunch,2174
atol,2172
finder,2172
philip,2172
submitt,2172
interfer,2171
laundri,2171
leaf,2170
preview,2169
principl,2169
straightaway,2169
benton,2168
plea,2167
rep,2166
annual,2165
breakdown,2165
jam,2165
stem,2165
hollandais,2164
gallup,2163
lowel,2163
fertil,2162
filenam,2162
license,2162
bonsai,2160
passionflow,2160
poitier,2159
cartridg,2158
encor,2158
evoc,2158
dispar,2157
freehold,2157
expos,2156
bravo,2155
render,2155
mitchel,2154
alarm,2153
dictionari,2153
anarchi,2152
evolut,2152
keyboardist,2151
bobbi,2150
bugaboo,2150
monk,2150
mortal,2150
mohawk,2148
maker,2147
persecut,2147
horizont,2146
avoid,2145
comprehens,2145
salmon,2145
dicken,2144
shifti,2144
climatolog,2143
liberia,2143
zinc,2143
chinaberri,2142
logo,2142
backpack,2141
bonefish,2141
moneybag,2141
queue,2139
wisdom,2138
heavyweight,2137
bow,2135
meander,2135
pointer,2135
showerhead,2134
factoid,2132
novat,2130
bin,2128
overtur,2128
ola,2127
dishonesti,2126
sleeper,2126
moron,2125
static,2124
themi,2124
alli,2123
laser,2123
mob,2123
solomon,2123
penni,2121
abductor,2120
reduct,2120
rhyme,2120
cessat,2119
zeppelin,2119
rod,2118
shin,2118
grain,2117
turtl,2116
creeper,2115
predict,2115
piano,2114
platelet,2114
daimler,2113
orbit,2113
rat,2112
stanley,2112
gimbal,2111
variat,2111
bullyboy,2110
opportunist,2110
sourdough,2110
gnome,2107
logorrhea,2105
methodist,2102
utah,2102
asimov,2100
giver,2100
physicist,2100
arnold,2098
splitter,2098
buddhist,2097
saver,2097
stoplight,2097
browni,2096
darki,2096
mango,2096
radiat,2096
venu,2096
claw,2095
devious,2095
whale,2095
gore,2094
tequila,2094
aa,2093
dope,2093
chap,2092
flatb,2092
jonathan,2092
riser,2092
falla,2091
agglomer,2090
leap,2089
brawl,2088
checkbook,2088
chantri,2087
malaysia,2086
tug,2086
ling,2085
concaten,2084
totalitarian,2084
bandag,2083
databas,2083
kitten,2083
textbook,2083
tertiari,2081
triglycerid,2081
interregnum,2080
terrain,2079
bettor,2078
discourag,2078
partial,2078
seller,2078
trinidad,2078
leech,2077
tiller,2077
visibl,2077
faq,2076
plath,2076
snowbal,2076
careerist,2074
liquor,2074
empress,2073
sunni,2073
conscious,2072
delta,2072
grievanc,2070
presidio,2070
suck,2070
extens,2069
aesop,2065
chamaeleon,2065
ink,2065
sharewar,2065
ashton,2064
monad,2063
binder,2062
homosexu,2062
needi,2061
printer,2061
rocketri,2061
russula,2061
statuari,2061
openwork,2060
financ,2059
gluten,2059
glorif,2057
norm,2057
phonebook,2057
thor,2057
tobi,2057
contractor,2056
minuscul,2056
surviv,2055
freud,2054
likelihood,2053
literatur,2052
ordinari,2052
northrop,2051
pursuit,2050
shrug,2050
bundl,2049
carbon,2049
signag,2049
auction,2048
gambl,2048
vac,2048
bigfoot,2047
departur,2047
palmer,2046
allen,2045
cinema,2045
boutiqu,2044
wick,2043
cockatoo,2042
goblin,2041
prefer,2041
bouquet,2040
octogenarian,2040
silo,2040
angler,2039
areca,2039
merchandis,2039
despair,2038
midi,2038
superl,2038
bib,2037
fraction,2037
acceler,2036
attribut,2036
aluminum,2035
berri,2035
moviego,2033
recount,2033
vallisneria,2033
wander,2033
scaler,2032
hord,2031
releg,2031
roswel,2031
collar,2029
karnataka,2028
godard,2027
seal,2027
hindu,2026
kansa,2026
pup,2026
singalong,2026
remak,2023
sweat,2023
waterproof,2023
desert,2022
innsbruck,2022
peter,2022
campbel,2021
sweeten,2021
brainstem,2020
rester,2020
goa,2018
meter,2017
tide,2017
arabesqu,2016
clipboard,2016
storybook,2016
furi,2015
legitimaci,2014
teddi,2014
vapor,2014
manipul,2013
buyout,2012
hash,2012
nailer,2011
knockabout,2010
scrap,2010
toynbe,2010
vaginismu,2010
destitut,2009
zealand,2009
coachman,2008
hub,2007
missu,2007
silk,2007
descriptiv,2005
netbal,2005
ono,2005
invers,2003
probat,2003
tan,2003
voyag,2002
warrant,2002
atheist,2001
fuse,2001
softwood,2001
compart,2000
luci,2000
palac,2000
pump,2000
creameri,1999
potawatomi,1999
intelligentsia,1998
ruler,1998
seaborgium,1998
fecund,1996
dome,1995
handi,1995
hoteli,1995
screwbal,1995
unfold,1995
riga,1994
teacak,1994
waker,1994
mailbag,1993
profligaci,1993
sanger,1993
flare,1991
fluid,1990
communist,1989
insulin,1989
sugarcan,1988
toolbox,1988
violat,1988
basketri,1986
calendar,1986
cyst,1986
iambic,1986
radic,1986
legisl,1985
requir,1985
nicotin,1984
yellowfin,1984
away,1983
communion,1983
shortbread,1983
beachfront,1982
couplet,1982
dart,1982
glove,1982
glassblow,1980
hulk,1980
sinker,1980
drugstor,1979
curios,1978
dramat,1978
durian,1978
folklor,1978
minefield,1978
ctenophor,1977
alp,1976
bisexu,1976
impair,1976
breeder,1975
mixer,1975
payoff,1975
weightlift,1975
blush,1973
codein,1973
urn,1973
equilibrium,1972
psych,1972
acquisit,1971
bottlebrush,1971
heaver,1971
chester,1970
poliosi,1970
syllabl,1970
hillari,1969
occurr,1969
probosci,1969
successor,1969
capitalist,1968
mindanao,1967
cookbook,1966
solenoid,1966
drinker,1965
sandal,1965
headshot,1964
circuit,1963
yahoo,1963
cousteau,1962
snatch,1961
viewer,1961
arca,1960
trucul,1959
enact,1958
noisemak,1958
windag,1958
eater,1957
sestet,1957
fancier,1954
hawk,1954
lineup,1954
electron,1953
overlap,1952
anna,1951
opposit,1951
yazoo,1951
jab,1949
misfortun,1949
redneck,1948
simon,1948
pinger,1947
weekday,1947
stamina,1946
guidanc,1945
narrow,1945
blink,1944
bump,1943
lena,1943
mon,1943
lordosi,1941
champlain,1940
drip,1940
bubbler,1939
chef,1938
peasant,1938
scotch,1938
slipcov,1937
theravada,1937
shaver,1936
pia,1934
sieg,1934
applaus,1933
substitut,1932
razor,1931
vendetta,1931
cachet,1930
masculin,1929
punjab,1929
bumper,1928
circular,1928
quango,1928
poni,1926
reson,1926
volleybal,1926
brotherhood,1925
di,1925
membran,1925
profan,1923
chamber,1922
social,1922
criminolog,1921
pullback,1921
squat,1921
bend,1919
hamstr,1919
graviton,1918
itali,1918
sloth,1918
contour,1916
masterpiec,1916
panini,1916
reel,1916
suffici,1916
temp,1916
ukrain,1916
planetarium,1915
christolog,1914
climber,1913
coral,1912
illus,1911
swipe,1911
regress,1910
suspens,1910
anima,1909
civil,1908
millionair,1908
orwel,1908
chink,1907
miracl,1907
amateur,1906
slice,1905
banner,1904
modul,1904
doppelgang,1903
croquet,1902
anthrax,1900
arizonan,1900
rye,1900
ney,1899
quiz,1899
socialist,1898
node,1897
expon,1896
aura,1895
simulacrum,1894
apolog,1893
prop,1893
tornado,1893
knighthood,1891
priori,1891
rubber,1891
hopeless,1890
sting,1890
longev,1889
primat,1889
branch,1888
frustrat,1886
rainbow,1884
agnost,1883
campu,1883
mileag,1883
pendant,1883
thackeray,1883
metro,1882
confirm,1881
nuisanc,1880
termin,1880
serval,1877
twilight,1877
variabl,1877
rearmament,1874
soviet,1874
bookbind,1872
boyhood,1872
runner,1872
versatil,1872
basenji,1871
violet,1870
choreographi,1869
1530,1868
faberg,1868
joyc,1868
mediterranean,1868
architect,1866
icon,1865
roughag,1865
rescuer,1863
squash,1863
rift,1862
z,1862
bastardi,1861
matchmak,1861
plaint,1861
relief,1859
conjectur,1858
kitchenett,1857
philter,1857
index,1856
disaccharid,1854
encount,1854
dietari,1853
ipod,1851
toe,1851
altitud,1849
wordsmith,1848
yorkshir,1848
requiem,1847
crafti,1846
jolli,1846
energ,1845
outpost,1845
dub,1844
ave,1843
rifleman,1843
cakewalk,1842
downsid,1842
growl,1838
hybrid,1838
partisan,1837
buttonhol,1836
framer,1836
tic,1836
hijack,1835
axiom,1834
varmint,1834
feebl,1833
lust,1833
projectil,1832
contempt,1831
overhead,1829
professorship,1829
graze,1828
joiner,1826
consum,1824
roux,1824
accredit,1822
loader,1822
nervous,1820
coatdress,1819
belittl,1818
lowri,1818
scoop,1816
radial,1814
dieback,1813
adar,1811
swordfish,1811
argo,1810
prize,1809
navel,1808
tab,1807
bruge,1806
mutant,1806
spike,1806
marx,1805
repairman,1805
vela,1804
aiken,1803
alley,1803
gainer,1803
gel,1803
sweeper,1803
potentiomet,1802
puddl,1802
roosevelt,1802
contribut,1801
punt,1800
constitut,1798
sorter,1797
remind,1796
smithereen,1796
breathalyz,1794
biologist,1792
eclips,1792
fleec,1792
chechen,1791
pinata,1791
progressiv,1791
chunnel,1790
grinder,1790
howard,1787
discoveri,1786
dialysi,1785
trunk,1785
launcher,1784
metaphor,1784
drift,1782
adulter,1781
catchal,1781
formal,1781
averro,1780
ontario,1779
chipboard,1778
infirm,1778
speakeasi,1776
experiment,1775
lat,1774
magnitud,1774
reassembl,1774
breadbasket,1770
hex,1770
aggress,1769
charger,1769
dose,1768
slang,1768
parentag,1766
bleu,1765
bead,1764
charm,1764
instrument,1763
anchor,1759
opac,1759
judo,1757
scam,1757
timid,1756
gatehous,1755
shapeless,1754
tempera,1752
unix,1752
peach,1751
booster,1750
policeman,1749
demon,1748
percuss,1748
deputi,1746
timelin,1745
coil,1744
deliveryman,1744
reservist,1742
crappi,1741
nu,1741
ringer,1739
exfoli,1737
copyright,1736
cod,1735
vanadium,1734
chapultepec,1733
summit,1733
pasta,1730
sow,1730
wintergreen,1728
contextu,1727
canyon,1725
layman,1725
macro,1725
maisonett,1724
cascad,1723
lir,1722
planck,1722
flagel,1721
occident,1721
inferior,1720
overbid,1719
settlement,1719
fob,1716
rig,1716
sour,1715
consumpt,1714
ration,1714
baton,1708
graph,1708
waveguid,1707
highlight,1703
trademark,1702
crux,1701
effus,1701
execution,1701
durat,1700
hobb,1699
claimant,1698
fluenci,1695
johnston,1694
paintbal,1694
vinegar,1694
ymir,1694
pad,1693
publican,1693
loser,1692
irv,1691
lean,1691
intak,1690
cargo,1687
compon,1685
modal,1682
ulcer,1682
palestinian,1681
perfidi,1681
bb,1680
aircrew,1679
immin,1679
motley,1678
nativist,1677
saturn,1676
shiv,1675
width,1674
inquest,1670
anu,1666
pebbl,1663
resumpt,1661
chimaera,1660
ginger,1660
baya,1659
cannabi,1659
asson,1653
pageant,1652
cooli,1651
nablu,1651
payday,1650
roger,1650
extinct,1649
feather,1648
tempest,1648
worship,1648
budapest,1644
sitar,1644
approb,1643
mezzanin,1641
puck,1641
sector,1641
carriag,1639
pawn,1639
provid,1639
canon,1638
flower,1638
matt,1635
depict,1633
sap,1633
enrich,1632
bind,1629
cab,1629
theban,1628
checkout,1622
resistor,1622
circlet,1621
nazism,1621
tablet,1621
toronto,1621
vault,1621
abut,1618
bliss,1618
buffer,1616
resili,1616
tactician,1616
edmonton,1615
liftoff,1615
mu,1614
binari,1612
muslimah,1612
placebo,1612
statehous,1611
ti,1611
wort,1605
carabin,1604
omaha,1604
belgium,1603
brambl,1601
tonnag,1598
aten,1597
blur,1597
vintag,1596
corsair,1595
magician,1595
econom,1594
horseback,1593
futurist,1592
plato,1591
ubiqu,1591
distemp,1589
renter,1587
rotat,1586
toggl,1586
coconut,1585
firmwar,1585
systol,1585
wader,1583
boomerang,1581
priestess,1579
questionnair,1578
buttercup,1577
commerc,1577
updik,1577
testa,1573
inconveni,1570
syntax,1567
needl,1566
sock,1566
divid,1564
bittercress,1559
lodg,1559
dada,1555
primer,1555
titania,1550
loophol,1549
thursday,1549
hobbyist,1548
rebuild,1548
discrimin,1547
deposit,1546
modem,1545
frenchman,1542
limerick,1539
drone,1538
feat,1538
handbal,1538
torrent,1537
amoxicillin,1535
tonic,1534
moot,1533
advertori,1529
utilitarian,1528
accuraci,1527
nod,1525
linkag,1524
faun,1523
fodder,1523
intuit,1518
recommend,1517
io,1511
melena,1510
sensit,1508
concerto,1507
crossbar,1506
tighten,1506
instal,1505
assam,1504
kappa,1504
medina,1504
ralli,1500
salad,1496
felucca,1491
worsen,1491
atheism,1490
baron,1490
puriti,1490
pure,1488
genoa,1486
optimum,1486
bronx,1485
tiebreak,1485
centurion,1483
deiti,1480
drill,1478
readabl,1476
wireless,1474
surfboard,1473
clutch,1471
portculli,1468
packer,1464
deflat,1463
consist,1455
mew,1455
preliminari,1454
contented,1452
puls,1446
bornean,1442
builder,1441
output,1441
chairlift,1438
wirehair,1438
caveman,1432
chough,1425
individualist,1425
hypocrit,1424
emu,1416
rangefind,1415
blockad,1411
laps,1407
tablatur,1404
tangent,1400
viru,1400
bata,1395
stir,1389
gig,1388
headset,1374
laban,1373
vampir,1364
hut,1362
mi,1359
bunco,1356
photograph,1356
duckl,1351
tranc,1351
breakabl,1350
stylist,1350
yardag,1350
approv,1344
snapdragon,1343
joker,1341
syndrom,1338
cru,1334
xavier,1331
stater,1329
selfish,1290
ware,1288
gigabyt,1273
matchbook,1273
ka,1269
coolant,1268
brew,1266
deer,1263
vandal,1259
testimoni,1250
snip,1218
cabomba,1205
clarif,1200
incomplet,1187
isra,1169
fantasia,1167
ohioan,1166
doe,1152
palestin,1117
raglan,1108
subjectiv,1107
buyer,1105
minotaur,1083
procession,1069
hirel,998
radon,986
beater,955
supplement,943
hatbox,934
actin,922
plasticin,921
jaywalk,890
cohn,861
maxwel,857
hatch,813
uptown,741
beatl,724
merg,720
xxi,614
